{
  "project_info": {
    "project_number": "724947063287",
    "project_id": "inventaris-rsud-lebong",
    "storage_bucket": "inventaris-rsud-lebong.firebasestorage.app"
  },
  "client": [
    {
      "client_info": {
        "mobilesdk_app_id": "1:724947063287:android:1d5f77ca8e74ca219a1ef2",
        "android_client_info": {
          "package_name": "id.go.rsudlebong.inventaris"
        }
      },
      "oauth_client": [],
      "api_key": [
        {
          "current_key": "AIzaSyDICy654Y77MfKaUIi3Rcm7MrbANg7d7-E"
        }
      ],
      "services": {
        "appinvite_service": {
          "other_platform_oauth_client": []
        }
      }
    }
  ],
  "configuration_version": "1"
}